"Model","ASE","Time_Test_Start","Time_Test_End","Batch"
"reps15_hd5_sdetFALSE",4.49210184297525e-05,131,132,1
"reps15_hd5_sdetFALSE",0.000605052972875598,133,134,2
"reps15_hd5_sdetFALSE",4.6068496613423e-05,135,136,3
"reps19_hd2_sdetFALSE",0.000123595898534739,131,132,1
"reps19_hd2_sdetFALSE",0.000162611783204444,133,134,2
"reps19_hd2_sdetFALSE",8.09564637458037e-05,135,136,3
