"reps19_hd2_sdetFALSE","Univar A","Univar B","Univar C","AIC Both - R","AIC Trend - R","ensemble"
8.25875556986836,8.2597570927,8.2642322988,8.2642322988,8.26087898347003,8.26020162823867,8.2643919071676
8.26214895340459,8.26962681553,8.27937511312,8.27937511312,8.26549897076232,8.26297965565337,8.27499807022726
