"reps19_hd2_sdetFALSE","Univar A","Univar B","Univar C","AIC Both - R","AIC Trend - R","ensemble"
8.25875556986836,8.2597570927,8.2642322988,8.2642322988,8.25870000511483,8.25461253734252,8.26097779559187
8.26214895340459,8.26962681553,8.27937511312,8.27937511312,8.26787888630822,8.25733024532263,8.27006180158029
